string,link
gem spoiler,https://freeimagegenerator.com/images/rendered/medium/metal-print/15.00/15.00/break/images-temporary/create-art-online-5435-Medium-1681890776.jpg
continent copy,https://freeimagegenerator.com/images/rendered/medium/metal-print/15.00/15.00/break/images-temporary/create-art-online-5640-Medium-1681894834.jpg
truck plow,https://freeimagegenerator.com/images/rendered/medium/metal-print/15.00/15.00/break/images-temporary/create-art-online-9412-Medium-1681894973.jpg
parade flask,https://freeimagegenerator.com/images/rendered/medium/metal-print/15.00/15.00/break/images-temporary/create-art-online-8336-Medium-1681895004.jpg
storm brainwash,https://freeimagegenerator.com/images/rendered/medium/metal-print/15.00/15.00/break/images-temporary/create-art-online-9377-Medium-1681922797.jpg
cheeks page,https://freeimagegenerator.com/images/rendered/medium/metal-print/15.00/15.00/break/images-temporary/create-art-online-4291-Medium-1682311899.jpg
pub gladiator,https://freeimagegenerator.com/images/rendered/medium/metal-print/15.00/15.00/break/images-temporary/create-art-online-8777-Medium-1682311918.jpg
weather rail,https://freeimagegenerator.com/images/rendered/medium/metal-print/15.00/15.00/break/images-temporary/create-art-online-5930-Medium-1682312046.jpg
rainbow lettuce,https://freeimagegenerator.com/images/rendered/medium/metal-print/15.00/15.00/break/images-temporary/create-art-online-1971-Medium-1682312063.jpg
embers leaf,https://freeimagegenerator.com/images/rendered/medium/metal-print/15.00/15.00/break/images-temporary/create-art-online-9945-Medium-1682315045.jpg
bucket cupboard,https://freeimagegenerator.com/images/rendered/medium/metal-print/15.00/15.00/break/images-temporary/create-art-online-511-Medium-1682315061.jpg
carpenter scream,https://freeimagegenerator.com/images/rendered/medium/metal-print/15.00/15.00/break/images-temporary/create-art-online-6507-Medium-1682315179.jpg
kendama boy,https://freeimagegenerator.com/images/rendered/medium/metal-print/15.00/15.00/break/images-temporary/create-art-online-4386-Medium-1682315195.jpg
